{"cls_loss": 1.0162832736968994, "reg_loss": 0.8135391473770142, "final_loss": 1.8298224210739136, "_timestamp": 1717956529.216351, "_runtime": 92.18804097175598, "_step": 17, "_wandb": {"runtime": 96}}