{"cls_loss": 0.3001749515533447, "reg_loss": 0.20506523549556732, "final_loss": 0.5052402019500732, "_timestamp": 1717956946.9336555, "_runtime": 392.5124514102936, "_step": 70, "_wandb": {"runtime": 405}}